seq.name,enzyme,spp,pident,length,mismatch,gapopen,qstart,qend,sstart,send,evalue,bitscore,seq.text
Dnmt1-201|Adig_Acropora_digitifera_12510,Dnmt1-201,Adig,59.583,1294,470,17,336,1598,862,4677,0,1494,VGIRSEEKRAQPPA--------KCKECKQLLNSPDLRLFPGDSNDAVEEFVALTDPRLSLFSGEEEQCDSYSDTPQHKITNFSIYDKNTHLCPFDSGLIEKNVELFFSGYLKPIYDENPSPEGGVPTKNIGPINEWWVAGFDGGENALIGFTTAFAEYILMQASEDYMPFMNIMREKIAMSKIVVEFMQSNPEARYEDLLNKVETSVPPA--NCSTFTEDTLLRHAQFLVEQVESYDQAADDDELPLLISPCMRDLIKLAGVTLGKRRAARGVKVRTEKKQARPSKATTTPLVRQIFDIFFKDQIDGKEI----GAIRRKRCGVCEVCQLPDCGKCKSCKDMVKFGGTGKKKQCCEERRCPNMAVKEADEDDDIGEDIEDAENVTLNKRITKKKSPTPKKTKSKSKVQWIGDP-EVHGKQNYYTSVLIDKEEICVGDFVMFRPDENSHLALYIACVRYMWEEPNGDKMFHCRWFSRGSETILGETSDPREVFLLDKCDDNLLGCIKQKCTVTYNKPDADWFMKGGLDEPEGDVSMEENDGNTFFFQKWYDPDHGRFTDPPAEYLHVVNSEDN-FRYCESCVRQSAEENLETLSLGEPLE-VDSKPSSKSYYKSCSKGGNRYKSGDCVFLEPDAFSFNVKPKESKKGFKKDDMVDEEKYPEYYRKPLEYVKGSNYDVPESFKIGRIINIFTKSSPGKLSKDLDIMLTVGKFYRPENTHKGSSFAYQADLNLLYWSKEEATVPFDAVLGSCTVTCGEDLNCSIAEYTAKAINNFYFLEAYNSETKDFEEPPLEARNAALKGKGKGKGKGKARSACQTEEQNLRQDSKPSE-----TVPKLRCLDVFAGCGGLSEGLHQAGTAESLWAVEKEEPAAHAFSLNNPGCTVFTDDCNLLLKLVMDGEKKNSRGQTLPQKGEVELLCGGPPCQGFSGMNRFSSRDYSQFKNSLVVSYLSYCDYYRPRFFILENVRNFVSFKRSMVLKLTLRCLIKMGYQCTFGVLQAGCYGVPQTRRRAIIMAAAPGEVLPLYPEPTHCFSPRAIQLTVMVDDKKFESNITRLSSAPFRTITVRDSMSDLPEIRNGASNAEISYSGDSISHFQRQVRGSQYQPVLRDHICKEMNPLVAVRMRYIPLAPGSDWRDLPNIEVQLPDGTKTKKLAYTHHDKKNGRSSEGQLRGVCSCAEDKPCDPADRQFNTLVPWCLPHTGNRHNHWAGLYGRLEWDGYFSTTITNPEPMGKQGRVLHPEQHRVVSVRECARSQGFPDTYRFYGSILDKHRQVGNAVPPPLAAAIGREIKKSL
Dnmt3a-201|Adig_Acropora_digitifera_14087,Dnmt3a-201,Adig,46.097,679,317,9,267,907,151,2154,0,591,DNHLATSSDDHLSTSDDENGATFVHGQLIWGRLKGYDWWPGLIVSHLEAQKAPPAPSNHWIKWFGDNKLSLLPFQCLRPFSKFKESLIPSKM--RGIYKRAVFDSLEVAVKRSGKVFAKCPIKQTTQTKKKTATRRAKVGAEQIAGLHEDQEPLGERE---RQEMMVQWAMNGFKPNGPKGFAPPEDDMISDTSVSVTSFMDVISSDDSESTADHKSRFGKPVNVPNLAENI-----KALFEEVSKGKRDLECICLACGDLRVCAKHPLFKGGLCKECKTSFLGNIYLYDEDGSQMYCTICGDGKEVFMCDNDGCFRSYCNLCIGMLCGVNAVRKIAACETWVCFMCSSK-TQGLISPRQDWSARLQEHFMNDKEQEFKPPHTFSAIPPEERRPLRVLSLFDGIASGLQALKELGIEIELYCASEIDENAVQVAKVQHGRKIHHIGDIQKISRDQIQDLGPFDFVFGGSPCNDLSIANPIRRGIYEGTGRLFFDFFRLLEYARPKSELERPFFWLFENVVGMRAEDKAVISRFLECNPVVVDAKEISPAHRARYFWGNLPGMNRPTIPLPGDKLCLQDCLEPNCGRQAKFTKIQTLTTNANSMLQTKKALLPVQYVASDGHEKEDILWITEMERLFGLPSHYTDVSNMGRSQRQRLLGKSWSVPVIRHLLSPLKDYYKC
Dnmt3b-201|Adig_Acropora_digitifera_14087,Dnmt3b-201,Adig,42.941,680,324,12,221,860,190,2157,0,566,TSDDENGATFVHGQLIWGRLKGYDWWPGLIVSHLEAQKAPPAPSNHWIKWFGDNKLSLLPFQCLRPFSKFKESLIPSKMRGI--YKRAVFDSLEVAVKRSGKVFAKCPIKQTTQTKKKTATRRAKVGAEQIAGLHEDQEPLGERERQEMMVQWAMNGFKPNGPKGFAPPEDDMISDTS-------------VSVTSFMDVISSDDSESTADHKSRF------GKPVNVPNLAENIKALFEEVSKGKRDLECICLACGDLRVCAKHPLFKGGLCKECKTSFLGNIYLYDEDGSQMYCTICGDGKEVFMCDNDGCFRSYCNLCIGMLCGVNAVRKIAACETWVCFMC-SSKTQGLISPRQDWSARLQEHFMNDKE-QEFK-PPHTFSAIPPEERRPLRVLSLFDGIASGLQALKELGIEIELYCASEIDENAVQVAKVQHGRKIHHIGDIQKISRDQIQDLGPFDFVFGGSPCNDLSIANPIRRGIYEGTGRLFFDFFRLLEYARPKSELERPFFWLFENVVGMRAEDKAVISRFLECNPVVVDAKEISPAHRARYFWGNLPGMNRPTIPLPGDKLCLQDCLEPNCGRQAKFTKIQTLTTNANSMLQTKKALLPVQYVASDGHEKEDILWITEMERLFGLPSHYTDVSNMGRSQRQRLLGKSWSVPVIRHLLSPLKDYYKCE
Dnmt3l-201|Adig_Acropora_digitifera_14087,Dnmt3l-201,Adig,32.07,343,201,6,62,373,799,1824,3.75e-51,182,PVNVPNLAENIKALFEEVSKGKRDLECICLACGDLRVCAKHPLFKGGLCKECKTSFLGNIYLYDEDGSQMYCTICGDGKEVFMCDNDGCFRSYCNLCIGMLCGVNAVRKIAACETWVCFMCSSKTQ-GLISPRQDWSARLQEHFMNDKEQEFKPPHTFSAIPPEERRPLRVLSLFDGIASGLQALKELGIEIELYCASEIDENAVQVAKVQHGRKIHHIGDIQKISRDQIQDLGPFDFVFGGSPCNDLSIANPIRRGIYEGTGRLFFDFFRLLEYARPKSELERPFFWLFENVVGMRAEDKAVISRFLECNPVVVDAKEISPAHRARYFWGNLPGMNRPTIPL
Dnmt1-201|Ahya_Acropora_hyacinthus_11799,Dnmt1-201,Ahya,36.264,91,49,2,330,419,52,300,4.47e-9,53.1,ESRESTVGMRSEEKRTQPPA--------KCKECKQLLNSPDLRLFPGDSNDAVEEFVALTDPRLSLFSGEEEQCDSYSDTPQHKITNFSIY
Dnmt3a-201|Ahya_Acropora_hyacinthus_6247,Dnmt3a-201,Ahya,68.345,139,42,1,696,832,1,417,1.06e-58,195,PFDFVFGGSPCNDLSIANPIRRGIYEGTGRLFFDFFRLLEYARPKSELERPFFWLFENVVGMRAEDKAVISRFLECNPVVVDAKEISPAHRARYFWGNLPGMNRPTIPLPGDKLCLQDCLEPNCGRQAKFTKVQNSNNK
Dnmt3b-201|Ahya_Acropora_hyacinthus_6247,Dnmt3b-201,Ahya,65.468,139,46,1,648,784,1,417,1.34e-57,192,PFDFVFGGSPCNDLSIANPIRRGIYEGTGRLFFDFFRLLEYARPKSELERPFFWLFENVVGMRAEDKAVISRFLECNPVVVDAKEISPAHRARYFWGNLPGMNRPTIPLPGDKLCLQDCLEPNCGRQAKFTKVQNSNNK
Dnmt3l-201|Ahya_Acropora_hyacinthus_6247,Dnmt3l-201,Ahya,30.275,109,68,1,273,373,1,327,2.79e-11,59.3,PFDFVFGGSPCNDLSIANPIRRGIYEGTGRLFFDFFRLLEYARPKSELERPFFWLFENVVGMRAEDKAVISRFLECNPVVVDAKEISPAHRARYFWGNLPGMNRPTIPL
Dnmt1-201|Amil_Acropora_millepora_2171,Dnmt1-201,Amil,60.998,1182,419,14,446,1598,22,3528,0,1402,KPIYDENPSPEGGVPTKNIGPINEWWVAGFDGGENALIGFTTAFAEYILMQASEDYMPFMNIMREKIAMSKIVIEFMQSNPEARYEDLLNKVETSVPPA--NCSTFTEDTLLRHAQFLVEQVESYDQAADDDELPLLISPCMRDLIKLAGVTLGKRRAARGVKVRTEKKQARPSKATTTPLVRQIFDIFFKDQIDGKEI----GAIRRKRCGVCEVCQLPDCGKCKSCKDMVKFGGTGKKKQCCEERRCPNMAVKEADEDDDIGEDIEDVENVTLNKRITKKKSPTPKKTKSKSKVQWIGDP-EVHGKQNYYTSVLIDKEEICVGDFVMFRPDENSHLALYIACVRYMWEEPNGDKMFHCRWFSRGSETILGETSDPREVFLLDKCDDNLLGCIKQKCTVTYNKPDADWFMKGGLDEPEGDVSMEENDGNTFFFQKWYDPDHGRFTDPPAEYIHDVNSEENFRYCESCVRQSAEENLETLSLGEPLE-VDSKPSSKSYYKSCSKGGNRYKSGDCVFLEPDAFSFNVKPKESKKGFKKDDMVDEEKYPEYYRKPLEYVKGSNYDVPESFKIGRIINIFTKSSPGKLSKDLDIMLTVGKFYRPENTHKGSSFAYQADLNLLYWSKEEATVPFDAVLGSCTVTCGEDLNCSIAEYTAKAINNFYFLEAYNSETKDFEEPPLEARNAALKGKGKGKGKGKAKSACQTEEQNLRQDSKPSE-----TVPKLRCLDVFAGCGGLSEGLHQAGTAESLWAVEKEEPAAHAFSLNNPGCTVFTDDCNLLLKLVMDGEKKNSRGQTLPQKGEVELLCGGPPCQGFSGMNRFSSRDYSQFKNSLVVSYLSYCDYYRPRFFILENVRNFVSFKRSMVLKLTLRCLIKMGYQCTFGVLQAGCYGVPQTRRRAIIMAAAPGEVLPLYPEPTHCFSPRAIQLTVMVDDKKFESNITRLSSAPFRTITVRDSMSDLPEIRNGASNAEISYSGDSISHFQRQVRGSQYQPVLRDHICKEMNPLVAVRMRYIPLAPGSDWRDLPNIEVQLPDGTKTKKLAYTHHDKKNGRSSEGHLRGVCSCAEDKPCDPADRQFNTLVPWCLPHTGNRHNHWAGLYGRLEWDGYFSTTITNPEPMGKQGRVLHPEQHRVVSVRECARSQGFPDTYRFYGNILDKHRQVGNAVPPPLAAAIGREIKKSL
Dnmt3a-201|Amil_Acropora_millepora_6075,Dnmt3a-201,Amil,46.828,662,306,8,281,907,202,2154,0,590,ENGATFVHGQLIWGRLKGYDWWPGLIVSHLEAQKAPPALSNHWIKWFGDNKLSLLPFQCLRPFSKFKESLIPSKM--RGIYKRAVFDSLEVAVKRSGKVFAKSPIKQTTQTKKKTATRRAKVGAEQIAGLHEDQEPLGERE---RQEMMVQWAMNGFKPNGPKGFAPIEDDMISDTSVSVTSFMDVISSDVSESTADHKSRFGKPVNVPNLAENI-----KALFEEVSKGKRDLECICLACGDLRVCAKHPLFKGGLCKECKTSFLGNIYLYDEDGSQMYCTICGDGKEVFMCDNDGCFRSYCNLCIGMLCGVNAVRKIAACETWVCFMCSSK-TQGLISPRQDWSARLQEHFMNDKEQEFKPPHTFPAIPPEDRRPLRVLSLFDGIASGLQALKELGIEIELYCASEIDENAVQVAKVQHGRKIHHIGDIQKISRDQIQDLGPFDFVFGGSPCNDLSIANPIRRGIYEGTGRLFFDFFRLLEYARPKSELERPFFWLFENVVGMRAEDKAVISRFLECNPVVVDAKEISPAHRARYFWGNLPGMNRPTIPLPGDKLCLQDCLEPNCGRQAKFTKVQTLTTNANSMLQTKKALLPVQYVASDGHEKEDILWITEMERLFGLPSHYTDVSNMGRSQRQRLLGKSWSVPVIRHLLSPLKDYYKC
Dnmt3b-201|Amil_Acropora_millepora_6075,Dnmt3b-201,Amil,43.068,678,326,11,221,860,190,2157,0,567,TSDDENGATFVHGQLIWGRLKGYDWWPGLIVSHLEAQKAPPALSNHWIKWFGDNKLSLLPFQCLRPFSKFKESLIPSKMRGI--YKRAVFDSLEVAVKRSGKVFAKSPIKQTTQTKKKTATRRAKVGAEQIAGLHEDQEPLGERERQEMMVQWAMNGFKPNGPKGFAPIEDDMISDTS---------VSVTSFMDVISSDVSESTADHKSRFGKPVNVPNLA--------ENIKALFEEVSKGKRDLECICLACGDLRVCAKHPLFKGGLCKECKTSFLGNIYLYDEDGSQMYCTICGDGKEVFMCDNDGCFRSYCNLCIGMLCGVNAVRKIAACETWVCFMC-SSKTQGLISPRQDWSARLQEHFMNDKE-QEFK-PPHTFPAIPPEDRRPLRVLSLFDGIASGLQALKELGIEIELYCASEIDENAVQVAKVQHGRKIHHIGDIQKISRDQIQDLGPFDFVFGGSPCNDLSIANPIRRGIYEGTGRLFFDFFRLLEYARPKSELERPFFWLFENVVGMRAEDKAVISRFLECNPVVVDAKEISPAHRARYFWGNLPGMNRPTIPLPGDKLCLQDCLEPNCGRQAKFTKVQTLTTNANSMLQTKKALLPVQYVASDGHEKEDILWITEMERLFGLPSHYTDVSNMGRSQRQRLLGKSWSVPVIRHLLSPLKDYYKCE
Dnmt3l-201|Amil_Acropora_millepora_6075,Dnmt3l-201,Amil,30.263,380,225,7,33,373,688,1824,7.29e-51,182,IEDDMISDTSVSVTSFMDVISSDVSESTADHKSRFGKPVNVPNLAENIKALFEEVSKGKRDLECICLACGDLRVCAKHPLFKGGLCKECKTSFLGNIYLYDEDGSQMYCTICGDGKEVFMCDNDGCFRSYCNLCIGMLCGVNAVRKIAACETWVCFMCSSKTQ-GLISPRQDWSARLQEHFMNDKEQEFKPPHTFPAIPPEDRRPLRVLSLFDGIASGLQALKELGIEIELYCASEIDENAVQVAKVQHGRKIHHIGDIQKISRDQIQDLGPFDFVFGGSPCNDLSIANPIRRGIYEGTGRLFFDFFRLLEYARPKSELERPFFWLFENVVGMRAEDKAVISRFLECNPVVVDAKEISPAHRARYFWGNLPGMNRPTIPL
Dnmt1-201|Apal_XM_021049673.2,Dnmt1-201,Apal,56.61,1286,523,14,335,1598,817,4635,0,1407,PDSSESKRKKITNSKVQIP----PRCNECRQLLNNSELRMFSGDGEDAVEEFIALVDPKLSLFTGEEEQFGSYDDKPQHKLTNFSVYDKNTHLCPFDTGLVEKNVELYVSGYVKPVYDENHVLEGGVPTKNMGPINEWWTAGFDGGEKVLIGFTTAFGEYILMQPSEEYKPFMEAMAEKALLSKIVIELLIENADASYEELLYKVQTAIPSD--NCTEFTEESLLRHSQFIVEQVENFDEARDSDELPLLISPCMRDFIKLSGVTLGKKRGARKVKIKTEVKKRGPTKATTTPLVRHIFDIFFKNQIEG----KGVSAPRRTRCGICEKCQQPDCGKCKYCRDMVKFGGTGRQKQSCLERRCPYRDIKEAEDNETLEEYDKDSELDNRKGANKVHHKIAQDQKIVKTKVKWIGEPVRETNTRRYYSSALINKEEVTVGDFVQVCPYDPHTPLYIACVSYMWENSKGKKMFHARWMTRASDSVLGESADPRELFLADDCDDNPLGSILRKCTVTYRDPLKH-GNKLTTEEEAANDDQHDENHFFYQKWYNSDMGRFTDPPIEYTVSVERAKTNYCEICTRNDAQEKFDTAFVKGEIEDSGSKTGYKTLAYKGITYNIGDYVYLEDGAFTFNVK-QKPLVKPTVKSEGTVDEELYPEYYRKSSDYVKGSNQDVPAPYQIGRIVKILTKNVSGKLKSDEEVFLNVTKLYRXEDTHKGPSAGHQADSNLLYWTDEECSVSVSHLRGKCTVVYGEDIDETVETYTANGPDRFYFFEAYDSKRKEFHELSIEAREQLMSKKGKGKEGKGKGKGKGKMAATVKESDDKSKKEEVKKLKSLDVFAGCGGLSAGLHQAGVAESLWAIEKEVPAAQAFRLNNPDCTVFTDDCNELLKLAMDGKETNSKGQKLPLRGEVELLCGGPPCQGFSGMNRFNTREYSLFKNSLVVSYLSYCDFYRPRFFILENVRNFVSFKRSMVLKLTLRCLLQMGYQCTFGVLQAGSYGVPQTRRRAIIIAAAPGEVLPLYPEPTHCFHPRACQLTVKVDDKVFRSNXTRTSSAPYRTVTVRDAMADLPGIDNGASACEISYDGEAISHFQRQIRDNQYQPMLRDHICKEMSALVAARMRHIPLAPGSDWRDLPNIEVRLPDG-FSKKLCYTHHDKKNGKGSNGQLRGVCSCAEGQPCDPADRQFNTLVPWCLPHTGNRHNNWAGLYGRLEWDGYFSTTITNPEPMGKQGRVLHPEQHRVVSVRECARSQGFPDTYRFFGNILDKHRQVGNAVPPPLAAAIGREIKKCL
Dnmt3a-201|Apal_XM_021039094.1,Dnmt3a-201,Apal,64.192,229,72,3,689,907,49,735,3.17e-95,304,QQIEELGPFDLVLGGSPCQDLSIANPARRGIYGGTARLFFEFFRLWFYARFLRTGSSXPRPFFWLFENVVGMRAEDKKTISRFFKTNPVVVDAKDVSPAHRARYFWGNLPGMNRPTKPVAGDKLSLQECLEPNCGRKARFTKVQTITTNANSLRQTKNNLLPVSYTDSEGVEREDILWCTEMERLFGFPSHYTDVNNMGRQQRQRLLGNAWSIPVIRHLVSPLKDYFKC
Dnmt3b-201|Apal_XM_021039094.1,Dnmt3b-201,Apal,62.882,229,75,4,641,859,49,735,7.63e-94,299,QQIEELGPFDLVLGGSPCQDLSIANPARRGIYGGTARLFFEFFRLWFYARFLRTGSSXPRPFFWLFENVVGMRAEDKKTISRFFKTNPVVVDAKDVSPAHRARYFWGNLPGMNRPTKPVAGDKLSLQECLEPNCGRKARFTKVQTITTNANSLRQTKNNLLPVSYTDSEGVEREDILWCTEMERLFGFPSHYTDVNNMGRQQRQRLLGNAWSIPVIRHLVSPLKDYFKC
Dnmt1-201|Apoc_chromosome_13.3354_1,Dnmt1-201,Apoc,60.015,1293,476,13,342,1599,862,4722,0,1510,RESSEGTKSSPKKSQPPAKCKECKQLLDSPDLRLFLGDGDDAVEEFVALTDPRLSLFSGDEEQFDSYNDRPQHKITNFSVYDKNTHLCPFDSGLIEKNIELFFSGYLKPIYDENPSPEGGVPTKAIGPINEWWTAGFDGGENVLIGFTTAFAEYILMQASEDYMPFMNIMKEKIAMSKIVIEFMQGNPIARYEDLLNKVQTSVPPE--NCSTFTEDTLLRHAQFLVEQVESYDQAADDDELPLLVSPCMRDLIKLAGVTLGKRRAARGVKVRLDKKKKAAAPSKATTTPLVRNIFDIFFKDQIDGKDT----SAPRRMRCGVCEVCQQPDCGKCKSCRDMVKFGGTGKKKQCCENRRCPNMAVKEAEEDEDVDEENAEIENMSPNKETGKKNQATHKTAKSQKVVKTKVEWIRDPVKVSGKKKYYSSVLINKEEIHVGDFVKVCPDDPHMPLFISCVCYMWEGPNGDKMFHSRWLSRGSDTILGETSDETELFLVDECDKNPLGSIVQKCTVTPKLPDADWFMKGGLDDQEADSMMEEDDGNTFFYQKWYDPEHGRFTDPPSEYTTTVDRTENYKYCESCVRKAAQEQLETPSIGETLETDAKSSSKTYYKSCTKGGVQYKLGDCVFLTPEAFSFNIKPKETKKGFKRSETVDEEVYPEYYRKPAEYVKGSNYDVPQPFKIGRIVNIFTKSSSGKLTEELDIMLTVNKFYRPENTHKGSSFGHQANLNLLYWSKEEANVAIDDVLGGCVVTCGEDLNCSVEEYTARGINYFYFLEAYNSETKEFEEPPMEARGAAMKGKGKGKGKGKGKGKASTDKDDQSLKENDSHKANETVTKLRCLDVFAGCGGLSEGLHQAGVADSRWAIEKEEPAASAFSLNNPGCTVFTDDCNLLLKLVMDGEKKNSKGQTLPQKGEVELLCGGPPCQGFSGMNRFSSRDYSQFKNSLVASYLSYCDYYRPKFFILENVRNFVSFKRSMVLKLTLRCLLKMGYQCTFGVLQAGCYGVPQTRRRAIILAAAPGEVLPLYPEPTHCFSPRAIQLTVMVDDKKFQSNISRLSSAPYRTTTVRDAMSDLPEIRNGASNDEISYNGDAISHFQQQMRGSQYQPVLRDHICKEMNPLVAMRMRYIPTAPGSDWRDLPNSIVRLSDGNYTKKLAYTHNDPKNGLSSNDDLRGVCSCAEGKPCDPADRQFNTLVPWCLPHTGNRHNHWAGLYGRLEWDGYFSTTITNPEPMGKQGRVLHPEQHRVVSVRECARSQGFPDTYRFYGNILDKHRQVGNAVPPPLAAAIGREIRKSLL
Dnmt3a-201|Apoc_chromosome_9.2822_1,Dnmt3a-201,Apoc,49.153,59,30,0,286,344,3880,4056,6.8e-12,70.5,FDIGDIVWAQARGLPSWPGKVVDASEVGKGRPDDGKRWVMWFGDHTFSQVEVDRLKTLS
Dnmt3b-201|Apoc_chromosome_9.2822_1,Dnmt3b-201,Apoc,42.373,59,34,0,229,287,3877,4053,2.63e-9,62,QFDIGDIVWAQARGLPSWPGKVVDASEVGKGRPDDGKRWVMWFGDHTFSQVEVDRLKTL
Dnmt1-201|Aque_XM_019994291.1,Dnmt1-201,Aque,55.573,1292,521,17,345,1595,630,4469,0,1380,ANKTSEAPQSSKPPCTYCKRSSDDPRLKIFIGDPPNANDEFITLADPSLSVLSADQE--SALDDVPQHKITGFSVYDKNHHLCHFDTGLVEKNVELFFSGWVKPIYDENPDPSDGIPTRQLGPINSWWIAGFDGGEKALVGFSTAYAEYILMDASDDYAEIMASVQEKIYLSKILIEYLEEFPAATYEDLLNKIQTSVPPQSIGCTSFTEDSLLRHAQFIVEQVESYDQYCDEDEDLLLVSPCMRALIKLAGVTLGKRLSSRRPH-QPKVKKTKQTKATTTPLVRDIFETFFKNQIDN----KSSSAPRRRRCGVCETCQQPDCGKCNACADMIKFGGTGRSKQACVNRRCPYMAVQTAEEEEDNDAADPDLKNVKDLKSPSKKIKKIKTKVEWIGEPDFVEGGKSYYTEVLINNKEKVCLYDVVSVCPEVPDDPLYLTRIMSMYEDSNGKKMFHGWWFHRSTDTVLGETGDPRELFLIDDCEDNPLGAIMDKVEVEYKPPVSNWFMCGGEEVSDDEKEI--EEDGKTFFVQKYYDQSLARFEDIPSEYIRYLISDDAHPPTDGFIPQCASCERRNHMKTVHSAVPINKIESEKPKITNYSSFQLNEESYSIGDCVYLSPHTYSFPNVKKTSGTAANKKQKKEEEEFDESEYPEKYRKVSDYVKGSNIDSPSPFQIGQVLEIFSKSLGGKLIDNNKIVHIKLRMYYRPQDTHKGDEATAQYDLNLLYWSDLVTTVVAGDVVCGKCFVKFKEDITEDIDSYFSNKPNHFYFVEAYCADTKEFEDPPVHAMNKGKGKGVSKGKGKGKGPAKGSKESIATTSTDDDKKDEITPDSSFK--KLRMLDVFAGCGGLSEGFHQAGVADSCWAVEIDEPAAQAFRLNNSQTTVFTDDCNILLSLVMEGAKTNSRGQLLPQKGDVELLCGGPPCQGFSGMNRFNSREYSQFKNSLVISYLSFCEYYRPRFFLLENVRNFVSFKKSMVLKLTLRCLVKMGYQCTFGVLQAGQYGVPQTRRRAIILAAAPGEKLPHFPNPTHVFSPRACQLTVVVNDIKYEGSI-RMDSAPYRTITVRDSMSDLPHIKNGSAVRSMNYNGEPHCHYQRLMRGNQHQPVLYDHICKEMNPLVAARMRFIPIGPGSDWRDLPNKCIRLSDGTTAPKLQYTHHDKKNGRAKNKSLRGVCPCATGQPCDSSYRQYGTLIPWCLPHTGNRHNHWAGLYGRLEWDGFFSTTVTNPEPMGKQGRVLHPEQHRVVSVRECARSQGFPDTFRFFGTILDKHRQVGNAVPPPLAKAIGLEIK
Dnmt3a-201|Aque_XM_019995554.1,Dnmt3a-201,Aque,54.978,462,191,4,459,905,1529,2908,2.32e-179,547,KKPENKLVLLQQRNKAQFELIKLGQLAIENICIACGSVNISAQHPLFYGGLCKHCKETFMECAYMFDEDGSQMYCTICSGGSQVFMCDTPNCSKVYCNPCIEKLCGPEERMKVQDATEWQCYMCSGEMN-GLLRKREDWDKRLHDLFVTDIETEFEPPKFFPPIPAEMRKPMRVLGLFDGIGTGLLVLKELGINVEVYIASEIDPDAIKVSRIKHP-EIIHVGAIEQVTEKEVRSWGPFDLVFGGSPCNDLSIVNPARKGIYDGTGKLFFEFFRILSYAKPQPQDERPFFWLYENVVSMRAPDKKIISRFLQCNPVVVDARDISAAHRARFFWGNLPGMNRPAVPLPGDRLTLQDCLEPNCFRHAQFTKLRTITTKMNSIKQTKRAIFPVRVFSGGMFDITGEGEEEEGDVLWCTEMERLFGFPDHYTDVANLGRSGRQKLLGKAWSVPVIRHLLSPLKDYF
Dnmt3b-201|Aque_XM_003386014.3,Dnmt3b-201,Aque,48.115,557,221,12,337,857,1337,2911,9.349999999999999e-170,521,KDLLQWALTGFLPTGPDGFRPRPEHLIDIKM--------------------------FPFGESPAPGNQFIIKRNELPMERGRAVIDHDYDKKPENKLVLLQQRNKAQFELIKLGQLAIENICIACGSVNISAQHPLFYGGLCKHCKETFMECAYMFDEDGSQMYCTICSGGSQVFMCDTPNCSKVYCNPCIEKL--CGPEERMKVQDATEWQCYMCSGE-MNGLLRKREDWDKRLHDLFVTD--IETEFEPPKFFPPIPAEMRKPMRVLGLFDGIGTGLLVLKELGINVEVYIASEIDPDAIKVSRIKHP-EIIHVGAIEQVTEKEVRSWGPFDLVFGGSPCNDLSIVNPARKGIYDGTGKLFFEFFRILSYAKPQPQDERPFFWLYENVVSMRAPDKKIISRFLQCNPVVVDARDISAAHRARFFWGNLPGMNRPAVPLPGDRLTLQDCLEPNCFRHAQFTKLRTITTKMNSIKQTKRAIFPVRVFSGGMFDITGEGEEEEGDVLWCTEMERLFGFPDHYTDVANLGRSGRQKLLGKAWSVPVIRHLLSPLKDYF
Dnmt3l-201|Aque_XM_019995554.1,Dnmt3l-201,Aque,31.548,336,195,8,69,373,1565,2560,2.94e-51,186,RNKAQFELIKLGQLAIENICIACGSVNISAQHPLFYGGLCKHCKETFMECAYMFDEDGSQMYCTICSGGSQVFMCDTPNCSKVYCNPCIEKLCGPEERMKVQDATEWQCYMC-SGEMNGLLRKREDWDKRLHDLFVTDIETEFEPPKFFPPIPAEMRKPMRVLGLFDGIGTGLLVLKELGINVEVYIASEIDPDAIKVSRIKHPEIIHVGAIEQVTEKEVRSWGPFDLVFGGSPCNDLSIVNPARKGIYDGTGKLFFEFFRILSYAKPQPQDERPFFWLYENVVSMRAPDKKIISRFLQCNPVV---VDARDISAAHRARFFWGNLPGMNRPAVPL
Dnmt1-201|Cgig_G28156.1,Dnmt1-201,Cgig,60.611,1277,466,16,346,1598,685,4476,0,1551,QEEEVRSKAPPPRCRECKQLLEDPDLQMFPGDPDSAVEEFIALTDPKLSVFTGEEEEIHSYDERPQHKITNFSVYDKNTHLCPFDTGLIEKNVFLYFSGVVKPIYDENSSPEGGIRACKMGPINEWWTAGFDGGENALIGFSTAYAEYILMSPSEAYKPYMDTMREKIHMSKVVIEFMQNNQEATYEDLLNKIQTTVPPT--GLSSLTEDSLLRHAQFVLDQVQSYDEAAEEDEGLLITTPCMRALIKLAGVTLGKRRQMRKELRKTKDKVKKPAFTMATTTRLVTQIFDSLFQGEID--DKSGQ--GSKRRRCGICEICQQPDCGKCTACKDMVKFGGSGKAKQACINRRCPNMAMKEADEDDILDDDDTDEKLETKENKDSPSTKKHKTVLNTKTKLSWVGDPVLQDGKNSYYSAVLINDEKVSFGDFISIKPEDVAIPVYIAMVNYLWENASGNKMCHVQWLCRGSDTILGETADPLELFFVDDCESIKLESSLRKVKVLHKETSPDWFMQGGIEHPEKDFPIEDDSNTFYYQKWYDPDLARFEDIPTSDKPKDQRHHKFCLTCDRLDQLRKKENPSLGPEIESEDSSATRTFYSSVGRDGFEYKVGDCCYMEPSAFGFNVKQPPAKKVKTERKE-VDEELYPEGYRK-GDYIKGSNESVPEPFRVGRILAIFCKKSSGSKIANLGEIKVKVAKFYRPEDTHKGPSAGYHTDMNMLYWSDEEATVDFKLVKGKCQVTYSENL-RSLEEYLCGGLDRFYFTEAYDSETKMFEEPPRQARVSGGKGKGKGKGKGKSSGPSAEEETTEPKKPTYR----RLRTLDVFAGCGGISEGFHQAGIAESCWAIEKEEPAGQAFRLNNPGCTVFTDDCNVLLKLVMEGEKQNEMGQKLPQKGDVELLCGGPPCQGFSGMNRFNSREYSRFKNSLIASYLSYCDYYRPRFFLLENVRNFVSFKRSMVLKLALRCLTTMGYQCTFGVLQAGSYGVPQTRRRAIILAAAPGEKLPFFPEPQHVFAPRAMQLSVQVDDKKFMSNITRMESAPFRTITVRDTMSDLPEIRNGAKAEEISYQGDPQSHFQRIIRGKQHQPILRDHICKEMSPLVAARMQHIPLAPGSDWRDLPNIEVRLSDGTKTKKLQYTHYDKKNGKSSDGSLRGVCSCAEGKACETMDRQFNTLIPWCLPHTGNRHNHWAGLYGRLQYDGFFSTTVTNPEPMGKQGRVLHPEQHRVVSVRECARSQGFPDTYRFFGNILDKHRQIGNAVPPPMARFIGLEIRKSL
Dnmt3a-201|Cgig_G1024.2,Dnmt3a-201,Cgig,33.869,685,375,20,247,905,694,2592,1.7299999999999999e-118,382,TDDVASSMTDDAMPSDSESVLESITSSSSAE-ENQDSQ---VGNIVFASLKGSASISRWWPAIVIEGKEVNKSEKS-GFLWIFWFGDHRISQVMASNIGDFASNFTKFGLCNKAVKN-CPNFIKGINEAIQICAERIA------HNTED--------MTEEELLGWAKEGFPRGQGHFFPDPDDPLPQMVKTYL-----------------------TKIKDNLKLVDTSKKRSPNKSAVKALRAGEKELSEICLSCDDIENVEVEDHPLFFGGLCKSCKEEWKESIHIYDDDQTNTFCVICSTGGDLVVCEDVNCGKSYCVECIKNYLSEGQLKKIKESQVWNCFLCTLYNKSTHGYLIPRPNWRDKTVHIFDSGYRTDMLPSFFKGP-----KQAVRALSLFDGISTGKVVLDNIGLDVEEYYASEIDDDAILVSMVNHRDSVQHLGDVRSLTREKLDKLGRIDLLIGGSPCNDLSIVNPARRGLSEEGTGHLVFEFGRVLEYLQSVSRARGQHLFWMFENVASMRADIRDTISECFKCPPALWDAKYVSPASRARYFWGNIPGMYSTPFLKNPDSIKDFHLNDVLYLQNI----RSSRYKTVRCITGKRNSLKQGRNEDQFVILMNGREDNMWITEIERVFGFPEHYTDVGNMSVTARHKLIGQSWSVPVVEGILSPLRKFF
Dnmt3b-201|Cgig_G1024.2,Dnmt3b-201,Cgig,33.945,654,368,16,221,857,772,2592,2.52e-120,386,SSSAEENQDSQVGNIVFASLKGSASISRWWPAIVIEGKEVNKSEK-SGFLWIFWFGDHRISQVMASNI---GDFASNFTKFGLCNKAVKNCPNFIKGINEAIQICAERIAHNTEDMTEEEL---LGWAKEGF-PRGQGHFFPDPDDPLPQMVKTYLTKIKD-----------NLKLVDTSKKRSPNKSAVKALRAGEKE---------------------LSEICLSCDDIENVEVEDHPLFFGGLCKSCKEEWKESIHIYDDDQTNTFCVICSTGGDLVVCEDVNCGKSYCVECIKNYLSEGQLKKIKESQVWNCFLCTLYNKSTHGYLIPRPNWRDKTVHIFDSGYRTD-------MLPSFFKGPKQAVRALSLFDGISTGKVVLDNIGLDVEEYYASEIDDDAILVSMVNHRDSVQHLGDVRSLTREKLDKLGRIDLLIGGSPCNDLSIVNPARRGLSEEGTGHLVFEFGRVLEYLQSVSRARGQHLFWMFENVASMRADIRDTISECFKCPPALWDAKYVSPASRARYFWGNIPGMYSTPFLKNPDSIKDFHLNDVLYLQNIRSSRYKTVRCITGKRNSLKQGRNEDQFVILMNGREDNMWITEIERVFGFPEHYTDVGNMSVTARHKLIGQSWSVPVVEGILSPLRKFF
Dnmt3l-201|Cgig_G1024.2,Dnmt3l-201,Cgig,26.667,330,197,9,76,368,1291,2256,2.98e-28,119,LRAGEKELSEICLSCDDIENVEVEDHPLFFGGLCKSCKEEWKESIHIYDDDQTNTFCVICSTGGDLVVCEDVNCGKSYCVECIKNYLSEGQLKKIKESQVWNCFLCTLYNKSTHGYLIPRPNWRD--KTVHIFDSGYRTDMLPSFFKGPKQAVRALSLFDGISTGKVVLDNIGLDVEEYYASEIDDDAILVSMVNHRDSVQHLGDVRSLTREKLDKLGRIDLLIG-----GSPCNDLSIVNPARRGLSEEGTGHLVFEFGRVLEYLQSVSRARGQH-LFWMFENVASMRADIRDTISECFKCPPALWDAKYVSPASRARYFWGNIPGMYS
Dnmt1-201|Emue_Em0016g1020a.t1,Dnmt1-201,Emue,59.498,1116,435,10,495,1598,1,3333,0,1304,MEPSTAYESIMVTVHEKIYLSKIVIEFLEVNGDATYEDLINKIQTTVPPQSIGCTSFTEDALLRHAQFVVEQVESYDRFGDADEDLLLVTSCMRSLIKLAGVTLGKRRATRRAEKEAREKKKRAKDTMATTTPLVRNIFELFFKNQI---DGKPTTSAPKRKRCGVCEVCQQTDCGQCTACKDMIKFGGTGRSKQCCVHRRCPNMAVQAAEECDDEEYNDAELLKNLKETSKKAKSEKKVKNTEVWVGEPDRTEGKRLYYSAAVVDGNEIHVHDVVSVCPEEAGVSLYIAKVCYMWEDTATGKKLFHGHWFSRGSDTVLGETGDPCELFMVDECDENPLGSIKEKVNLEYRPPPDNWAKLGGVE-EPDDRHDEDGRNFFYQKWYDKDTARFEDPPPYVLPEDQRDCPYSLYCLSCARTAAKNIAQVPTPIPSGKE-ESKVEYNSFSFKNDTYHIGDGVYLPPGTYSFPVKGKPAPSKKQKEMQIDEATYPEYYRKMSEYVKGSNLDLPQPFQIGRIKEIIAKRSSGKPDKPELMLKVNMFYRSDDTHKGPTASTESDLNLLYWSDEEVTVEAGLICGRCTVLYGENIVGDLDEHFLSATDRFYFMEAYNSTTKEFEEPPSHATRCGQKGKGKGKGKGKFSKETVCQDEENKIAEKGFKPLRCLDVFAGCGGLTEGFHQSGVAEAVWAIEKDEAAAQAFRLNYPKATVFTDDCNILLKLVMEGTKTNDRGQPLPMRGDVELLCGGPPCQGFSGMNRFNSREYSQFKNSLVVSYLSYCDYYRPRFFVLENVRNFVSFKRSMVLKLTLRCLVKMGYQCTFGVLQAGQYGVPQTRRRAIIIAAAPGERLPLYPEPTHVFSPRAVQLTVVVDDKKYTSNITRLSCAALRTITVLDAMSDLPDIKNGASSREIRYCGEPRSHFQRLLRGCKNQPILYDHICKEMNPLVAARMRYIPLTPGADWRDLPNIEVHLSDGTYAKKLKYTHHDKKNGKAANKALRGVCSCAEGKSCDPQDKQFGTLIPWCLPHTGNRHNHWAGLYGRLEWDGYFSTTVTNPEPMGKQGRVLHPEQHRVVSVRECARSQGFPDTFRFFGNILDKHRQVGNAVPPPMAKSIGSEIKKCM
Dnmt3a-201|Emue_Em0006g900a.t1,Dnmt3a-201,Emue,68.722,227,67,2,683,905,4,684,8.9e-106,327,VKLVKDKQVQAWGPFDLVLGGSPCNDLSIVNPARKGIYEGTGRLFFEFYRVLNYAKPCPHDRRPFFWLFENVVSMRANDKQTISRFLQCNPVVVDAKDISAAHRARYFWGNLPGMNRPAVPLPCDRLTLQECLEPHCFRVAQFIKLRTITTKMNSIKQTKKAIFPVRVDGEEQGDVLWCTEMERLFGFPDHYTDIANLGRCGRQRLLGMAWSVPVIRHLLSPLKEYF
Dnmt3b-201|Emue_Em0006g900a.t1,Dnmt3b-201,Emue,65.639,227,74,2,635,857,4,684,8.649999999999998e-106,326,VKLVKDKQVQAWGPFDLVLGGSPCNDLSIVNPARKGIYEGTGRLFFEFYRVLNYAKPCPHDRRPFFWLFENVVSMRANDKQTISRFLQCNPVVVDAKDISAAHRARYFWGNLPGMNRPAVPLPCDRLTLQECLEPHCFRVAQFIKLRTITTKMNSIKQTKKAIFPVRVDGEEQGDVLWCTEMERLFGFPDHYTDIANLGRCGRQRLLGMAWSVPVIRHLLSPLKEYF
Dnmt3l-201|Emue_Em0006g900a.t1,Dnmt3l-201,Emue,32.787,122,74,1,260,373,4,369,5.77e-12,65.9,VKLVKDKQVQAWGPFDLVLGGSPCNDLSIVNPARKGIYEGTGRLFFEFYRVLNYAKPCPHDRRPFFWLFENVVSMRANDKQTISRFLQCNPVVVDAKDISAAHRARYFWGNLPGMNRPAVPL
Dnmt1-201|Gasp_gasp1.m3.13636.m1,Dnmt1-201,Gasp,58.333,1296,475,16,338,1599,643,4437,0,1446,SSEEKKSEVEKSQPPA----KCKECKQLLDSPDLRLFLGDSDDAVEEFVALTDPRLSLFSGDEQHFDSYNDRPQHKITNFSIYDKNTHLCPFDTGLIEKNIELFFSGYLKPIYDENPSPEGGVPTKSIGPINEWWIAGFDGGENALIGFTTAFAEYILMQASEEYMPFMNLMKEKTAMSKIVIEFMQGNPEARYEDLLNKVQTSVPPE--NCSTFTEDTLLRHAQFLVEQVESYDLAADDDELPLLVSPCMRDLIKLAGVTLGKRRAARGVKVRLDKKKKAAAPSKATTTPLVRHIFDIFFKNQIDGKET----SAPRRKRCGVCDVCQQPDCGKCKSCRDMIKFGGTGRKKQCCEERRCPNMAVKEAEEDEDVNEENADIENMSPNKEKEKKNMATHKTAKSQKVIKTKVEWLGDPIKFSGKKKYYSSVLINNKEEIHVGDFVKVCPDDIHVPLFISCVCYMWEGPNGDKMFHCRWLSRGSDTILGETSDATELFLVDQCDDNPLGSILQKCTVAPKLPDPDWFMKGGLDDQEADSMMEEDDGNKY------DHERGRFTDPPSEYSATVDKTENFKYCESCARKAAQEQMETTSVGEPLETDTKSSSKTYYKSCTKSGIQYKVGDCVFLTPEAFSFNVKPKETKKGFKKSDKVDEELYPEYYRKPAEYVKGSNYDVPEPFKIGRIVSIFTKSSSGKLIEELEVMLTVNKFYRPENTHKGSSFGHQANLNLLYWSKEEASVAVNDVVGGCVVTCAEDLNCSVEEYTARGINYFYFLEAYNSDTKEFEETPMEARNAAMKGKGKGKGKGKGKGKASSETEGQCLKEDGSDNANQTVTKLRCLDVFAGCGGLSEGLHQAGVAESRWAIEKEEPAASAFSLNNPGCTVFTDDCNLLLKLVMDGEKKNTKGQTLPQKGEVELLCGGPPCQGFSGMNRFSSRDYSQFKNSLVVSYLSYCDYYRPKFFILENVRNFVSFKRSM---------------CTFGVLQAGCYGVPQTRRRAIILAAAPGEVLPLYPEPTHCFSPRGIQLTVMVDDNKFQSNITRLSSAPYRTITVRDAMSDLPEIRNGASNDEISYNGDAISHFQRQMRGTLYQPVLRDHICKEMNPLVAVRMRYIPTAPGSDWRDLPNSIVRLSDGTYTKKLAYTHNDPKNGLSSNGDLRGVCSCAEGKPCDPADRQFNTLVPWCLPHTGNRHNHWAGLYGRLEWDGYFSTTITNPEPMGKQGRVLHPEQHRVVSVRECARSQGFPDTYRFYGNILDKHRQVGNAVPPPLAAAIGREIRKSLL
Dnmt3a-201|Gasp_gasp1.m3.15985.m1,Dnmt3a-201,Gasp,61.184,304,111,2,611,907,13,924,2.2799999999999997e-124,386,EKWKAPHILPSVPPEQRRPIRVLSLFDGIATGFQALKELDIEIDVYCASEIDEQAMQVAKVHHGIKIHHIGDIKGISRAKVEELGPFDFVFGGSPCNDLSIANPVRRGICEGTGRLFFDFFRLLQFARPKSELERPFFWLFENVVGMRAEDKSTISRFLECNPVVVDAKEISPAHRARYFWGNLPGMNRPTVPLPGDKLCLQDCLEPNCGRQAKFTKVQTLTTNANSMLQTKKGLFPVQVTASDKQQKDDILWITEMERLFGLPSHYTDVSNMGRSQRQRLLGKSWSVPVIRHLLSPLKDYYKC
Dnmt3b-201|Gasp_gasp1.m3.15985.m1,Dnmt3b-201,Gasp,60,300,113,2,568,860,28,927,1.35e-125,388,PHILPSVPPEQRRPIRVLSLFDGIATGFQALKELDIEIDVYCASEIDEQAMQVAKVHHGIKIHHIGDIKGISRAKVEELGPFDFVFGGSPCNDLSIANPVRRGICEGTGRLFFDFFRLLQFARPKSELERPFFWLFENVVGMRAEDKSTISRFLECNPVVVDAKEISPAHRARYFWGNLPGMNRPTVPLPGDKLCLQDCLEPNCGRQAKFTKVQTLTTNANSMLQTKKGLFPVQVTASDKQQKDDILWITEMERLFGLPSHYTDVSNMGRSQRQRLLGKSWSVPVIRHLLSPLKDYYKCE
Dnmt3l-201|Gasp_gasp1.m3.15985.m1,Dnmt3l-201,Gasp,27.128,188,112,2,211,373,31,594,1.21e-13,72.8,HILPSVPPEQRRPIRVLSLFDGIATGFQALKELDIEIDVYCASEIDEQAMQVAKVHHGIKIHHIGDIKGISRAKVEELGPFDFVFGGSPCNDLSIANPVRRGICEGTGRLFFDFFRLLQFARPKSELERPFFWLFENVVGMRAEDKSTISRFLECNPVVVDAKEISPAHRARYFWGNLPGMNRPTVPL
Dnmt1-201|Gfas_gfas1.m1.20696.m1,Dnmt1-201,Gfas,70.716,461,81,2,1139,1599,868,2088,0,682,ITKLRCLDVFAGCGGLSEGLHQAGVAESLWAIEKEEPAAHAFSLNNPGCTVFTDDCNLLLKLAMDGEKKNSRGQTLPQKGEVELLCGGPPCQGFSGMNRFSSRDYSQFKNSLVVSYLSYCDYYRPRFFILENVRNFVSFKRSMVLKLTLRCLIKMGYQCTFGVLQAGCYGVPQTRRRAIIMAAAPGEVLPLYPEPTHCFSPRAIQLTVMVDDKKFESNITRLSSAPLRTITVRDSMSDLPEIRNGASNDEISYGGDSISHFQRQ---------------------VSAYTHH---------------------------------DKKNGRSSNGDLRGVCSCAESKSCDPADRQFNTLVPWCLPHTGNRHNHWAGLYGRLEWDGYFSTTITNPEPMGKQGRVLHPEQHRVVSVRECARSQGFPDTYRFYGNILDKHRQVGNAVPPPLSTAIGREIRKSLL
Dnmt3a-201|Gfas_gfas1.m1.7866.m1,Dnmt3a-201,Gfas,48.137,671,308,11,269,907,461,2449,0,591,NVKDASDGQEPSVEENASEFVNGQLILGRLKGYDWWPGIIVSHTTAEKAPPSPSNHWIKWFGDNKFSLLPVQCLRPLTKLKESLNFAKM--RGIYKRAVVDVLEVAARRCGKVFTKNANKQMPQTKRSSRTRQVKTEAMQTEQEDELLTEKERTTLILQWAMNGFKPSGPKGFAPAEEDASPGSNVAGS----TVTEVLSDSTELTADRKSRFGKPVTEPNLAENIKA-LFDEVAAGKRDLEGICLACGDLRVCSKHPLFKGGLCKECKTSFLENVYLYDEDGSQMYCTICGDGKEVFMCDNTGCFRSYCSLCIGMLCGVSAVTKIAACEKWVCYMCSGK-TRGLITPRNDWSTRLQELFLNDKEQDFSKKAPHTFPAVPPEERRPIRVLSLFDGIASGLQALKELGIEIELYCASEIDEQAIQVAKVQHGEKICHIGDIQKVSRAQIHQLGPFDFVFGGSPCNDLSIANPIRRGIYEGTGRLFFDFFRLLECARPKSELERPFFWLFENVVGMRAEDKSAISRFLECNPVVVDAKEISPAHRARYFWGNLPGMNRPTIPLPGDKLCLQDCLEPNCGRQAKFTKVQTLTTNANSMLQTKKGLLPVQYVASDGQHKEDILWITEMERLFGLPSHYTDVSNMGRSQRQRLLGKSWSVPVIRHLLSPLKDYYKC
Dnmt3b-201|Gfas_gfas1.m1.7866.m1,Dnmt3b-201,Gfas,43.485,683,327,10,215,860,470,2452,0,578,DASDGQEPSVEENASEFVNGQLILGRLKGYDWWPGIIVSHTTAEKAPPSPSNHWIKWFGDNKFSLLPVQCLRPLTKLKESLNFAKMRGI--YKRAVVDVLEVAARRCGKVFTKNANKQMPQTKRSSRTRQVKTEAMQTEQEDELLTEKERTTLILQWAMNGFKPSGPKGFAPAEEDA---------SPGSNV----------AGSTVTEVLSDSTELTADRKSRFGKPVTEPNLAENIKALFDEVAAGKRDLEGICLACGDLRVCSKHPLFKGGLCKECKTSFLENVYLYDEDGSQMYCTICGDGKEVFMCDNTGCFRSYCSLCIGMLCGVSAVTKIAACEKWVCYMC-SGKTRGLITPRNDWSTRLQELFLNDKEQDFSKKAPHTFPAVPPEERRPIRVLSLFDGIASGLQALKELGIEIELYCASEIDEQAIQVAKVQHGEKICHIGDIQKVSRAQIHQLGPFDFVFGGSPCNDLSIANPIRRGIYEGTGRLFFDFFRLLECARPKSELERPFFWLFENVVGMRAEDKSAISRFLECNPVVVDAKEISPAHRARYFWGNLPGMNRPTIPLPGDKLCLQDCLEPNCGRQAKFTKVQTLTTNANSMLQTKKGLLPVQYVASDGQHKEDILWITEMERLFGLPSHYTDVSNMGRSQRQRLLGKSWSVPVIRHLLSPLKDYYKCE
Dnmt3l-201|Gfas_gfas1.m1.7866.m1,Dnmt3l-201,Gfas,31.389,360,213,7,47,373,1043,2119,1.1e-49,181,DSTELTADRKSRFGKPVTEPNLAENIKALFDEVAAGKRDLEGICLACGDLRVCSKHPLFKGGLCKECKTSFLENVYLYDEDGSQMYCTICGDGKEVFMCDNTGCFRSYCSLCIGMLCGVSAVTKIAACEKWVCYMCSGKTR-GLITPRNDWSTRLQELFLNDKEQDFSKKAPHTFPAVPPEERRPIRVLSLFDGIASGLQALKELGIEIELYCASEIDEQAIQVAKVQHGEKICHIGDIQKVSRAQIHQLGPFDFVFGGSPCNDLSIANPIRRGIYEGTGRLFFDFFRLLECARPKSELERPFFWLFENVVGMRAEDKSAISRFLECNPVVVDAKEISPAHRARYFWGNLPGMNRPTIPL
Dnmt3a-201|Hsal_ENA_GHBP01017469_GHBP01017469.1,Dnmt3a-201,Hsal,28.125,96,64,4,490,582,10,291,8.94e-6,45.4,CTLCEASINTNPCQHPKLKVLICIKCEKRIYKMASKLSDVDSSDYCSWCCYGGELVCC--DNCSLSFCCPCIQRNLGFSYLKQVVLPTKKWSCFSC
Dnmt1-201|Mcap_g53952,Dnmt1-201,Mcap,59.168,1298,483,16,337,1598,859,4719,0,1528,QRNSARESSDSIKPEVTKAQPPAKCKECKQLLNSPDLRLFPGDSDDAVEEFVALTDPRLSLFSGEEEQCDSYNDTPQHKITNFSIYDKNTHLCPFDSGLIEKNVELFFSGYLKPIYDENPSPEGGVPTKNLGPINEWWVAGFDGGENALIGFTTAFAEYILMQASEEYMPFMNIMREKIAMSKIVIEFIQNNPETRYEDLLNKVETSVPP--VNCSTFTEDTLLRHAQFLVEQVESYDQAADDDELPLLVSPCMRDLIKLAGVTLGKRRAARGVKVRPEKKEMRPSKATTTPLVRQIFDIFFKDQIDGKEL----SVIRKKRCGVCEVCQLPDCGKCKSCRDMVKFGGTGRKKQCCEERRCPNMAVKEADEDEDIGEDITDIENMVPNNEKPKKTSPTHKTTKSNKVIKT-KVEWIGDP-EVQGKKNYYTSVLINQEEIHVGDFVKVCPDDPHLPLFIGCVRYMWEGPNGDKMFHCRWFSRGSDTILGETSDARELFLLDECDDNPLGSITQKCTVMYNNPGDDWFMKGGLDEPEGDIAMEEDDGNTFFYQKWYDPDHGRFTDPPTEYTTIVKAEQHFKYCESCVRQTEQEMLETPSLGEPLETDTKSSAKTYYKSCSKRGNRYKLGDCVFLTPDAFSFNIKPKESKKGFKKDDMVDEEKYPEYYRKPLEYVKGSNYDVPEPFRIGRIVNIFTKSSAGKLTEDQDIMLTVGKFYRPENTHKGSSFAYQANLNLLYWSKEEATVPFDSVLGSCSVTCGEDLNCSIDEYTAKAINNFYFLEAYNSETKEFEEPPMESRN---AAMKGKGKGKGKGKGKSRPKSLEMDEQTPSEVCQANVTVPKLRCLDVFAGCGGLSEGLHQAGVAESLWAVEKEEPAAHAFSLNNPGCTVFTDDCNLLLKLVMDGEKKNSRGQTLPQKGEVELLCGGPPCQGFSGMNRFSSRDYSQFKNSLVVSYLSYCDYYRPRFFILENVRNFVSFKRSMVLKLTLRCLIKMGYQCTFGVLQAGCYGVPQTRRRAIVMAAAPGEVLPLYPESTHCFSPRAIQLTVMVGDKKFESNITRLSSAPLRTITVRDSMSDLPEIRNGASNAEISYNGDAISHFQRQIRGSQYQPVLRDHICKEMNPLVAVRMRYIPLAPGSDWRDLPNIEVRLRDGTYTKKLAYTHHDKKNGRSSDGNLRGVCSCAEGKPCDPADRQFNTLVPWCLPHTGNRHNNWAGLYGRLEWDGYFSTTITNPEPMGKQGRVLHPEQHRVVSVRECARSQGFPDTYRFYGSILDKHRQVGNAVPPPLAAAIGREIRKSL
Dnmt3a-201|Mcap_g25804,Dnmt3a-201,Mcap,47.251,673,313,9,267,907,148,2136,0,596,DKGVTTSEDNVSTSDEENVAVDFVYGQLVWGRLKGYDWWPGLIISHVEAQKAPPTPSNHWIRWFGDNKFSLLSVQCLRPFSKFKESFIPGKM--RGIYKRAVIDSLEVAVRRCRKVFTKTSNKQTTQIKKKTATRKAKTEAKQTEEQNEEPLGERDRQEMMVQWAVSGFKPSGPKGFAPTDED------VSSDTRVAARNAVMDATSLEDSDHKSRFGKPVMAPNLAENIKA-LFDDVVAGKKELEGICLACGDLRVSAKHPLFKGGLCKECKTCFLENIYLYDEDGSQMYCTICGDGKEVFMCDNTGCFRSYCSLCIGMLCGVNTVTKIAACEKWVCYMCSGK-TQGLITPRKDWSARLQELFMNDKEQDFKAPHTFPAILPEERRPMRVLSLFDGIASGLQAVKELGIEIELYCASEIDEQAVQVAKVQHGSKIHHIGDIQKISRAQIQDLGPFDFVFGGSPCNDLSIANPIRKGIYEGTGRLFFDFYRLLECVRPKSELDRPFFWLFENVVGMRAEDKCVISRFLECNPVVVDAKEISPAHRARYFWGNLPGMNRPTIPLPGDKLCLQDCLEPNCGRLAKFTKVQTLTTNANSMLQTKKALLPVQYVASDGQEKEDILWITEMERLFGLPSHYTDVSNMGRSQRQRLLGKSWSVPVIRHLLSPLKDYYKC
Dnmt3b-201|Mcap_g25804,Dnmt3b-201,Mcap,42.795,694,332,11,203,860,145,2139,0,572,EDKGVTTSEDNVSTSDEENVAV----DFVYGQLVWGRLKGYDWWPGLIISHVEAQKAPPTPSNHWIRWFGDNKFSLLSVQCLRPFSKFKESFIPGKMRGI--YKRAVIDSLEVAVRRCRKVFTKTSNKQTTQIKKKTATRKAKTEAKQTEEQNEEPLGERDRQEMMVQWAVSGFKPSGPKGFAPTDE----DVSSDTRVAARN-------------AVMDATSLEDSDHKSRFGKPVMAPNLAENIKA---LFDDVVAGKKELEGICLACGDLRVSAKHPLFKGGLCKECKTCFLENIYLYDEDGSQMYCTICGDGKEVFMCDNTGCFRSYCSLCIGMLCGVNTVTKIAACEKWVCYMC-SGKTQGLITPRKDWSARLQELFMNDKE-QDFK-APHTFPAILPEERRPMRVLSLFDGIASGLQAVKELGIEIELYCASEIDEQAVQVAKVQHGSKIHHIGDIQKISRAQIQDLGPFDFVFGGSPCNDLSIANPIRKGIYEGTGRLFFDFYRLLECVRPKSELDRPFFWLFENVVGMRAEDKCVISRFLECNPVVVDAKEISPAHRARYFWGNLPGMNRPTIPLPGDKLCLQDCLEPNCGRLAKFTKVQTLTTNANSMLQTKKALLPVQYVASDGQEKEDILWITEMERLFGLPSHYTDVSNMGRSQRQRLLGKSWSVPVIRHLLSPLKDYYKCE
Dnmt3l-201|Mcap_g25804,Dnmt3l-201,Mcap,31.105,344,203,6,62,373,781,1806,3.31e-48,176,PVMAPNLAENIKALFDDVVAGKKELEGICLACGDLRVSAKHPLFKGGLCKECKTCFLENIYLYDEDGSQMYCTICGDGKEVFMCDNTGCFRSYCSLCIGMLCGVNTVTKIAACEKWVCYMCSGKTQ-GLITPRKDWSARLQELFMNDKEQDFKAP-HTFPAILPEERRPMRVLSLFDGIASGLQAVKELGIEIELYCASEIDEQAVQVAKVQHGSKIHHIGDIQKISRAQIQDLGPFDFVFGGSPCNDLSIANPIRKGIYEGTGRLFFDFYRLLECVRPKSELDRPFFWLFENVVGMRAEDKCVISRFLECNPVVVDAKEISPAHRARYFWGNLPGMNRPTIPL
Dnmt1-201|Nvec_XM_032374269.1,Dnmt1-201,Nvec,58.721,1267,486,12,358,1595,1031,4807,0,1469,RCKECRQLIDSPDLCLFAGDPADAVEEFVALVDPRLSLFSGDEEQFDSYEDKPQHKITNFSVYDKNTHLCAFDTGLIEKNVELFISGYVKPIYDENPSPEGGVPTKILGPINEWWTAGFDGGENALIGLTTAYGEYFLMNPSKEYAPFIHTMREKIQLSKIVIEFLLNNPEARYEDLLNKVQVSVPPE--GCPSFTEDSLLRHAQFLVEQIENYDSAGDTDELPLIVTPCIRDFIKLAGVTLGKRRTARKIKVKSRAELKKKQAPTKATTTELVRHIFDIFFQNQIDGKNG----NAPRRKRCGVCETCQQPNCGKCSACRDMVKFGGTGKSKQCCINRRCPNMMVREADDDEGLEDEEKDDNGDKENKAESPHKPHHKTIKGQKTIKTKVEWLGEPAWIEGKKKYYSSVLINKKKVSLGDFVKVCPDDPHIPLYIGCVQYMWESSSGEKLFHARWMTRGAETVLGETADSAELFLCDDCDDNPLGSVLETCEVTYKDPSVDWLQGSAGMEIETSDDEHND-NTFFYHKWYHPEMGRFVDPPPEYQTKVDRTQQKFCESCIRNSAEEKLREPTVQERIDDNMDKTSKEFYRSFTLNGSEFTVSDCVYLDPEAFSFNVRPKESKPHKREGSVDEDLYPEYYRKSSEYVKGSNQNVPEPLRIGRIKSIYVKSSSGKLKGDGDDVMLTVTKFYRPENTHKGANASHQADLNLLYWTDEEAKVSALSVKGKCMVACGEDIHSSIQEYSSKG-DCFYYLEAYNSQTKEFEELPPQARDCSSKGKGKGKGKGKGKGKSSADSGPESCMHDQQKEAHVRKLRSLDVFAGCGGLSEGLHQAGVAESLWAIEKEEPAAQAYRLNNPGCTVFTDDCNTLLKLAMEGEATNSTGQKIPQRGEVELLCGGPPCQGFSGMNRFNTREYSLFKNSLVVSYLSYCDFYRPRFFILENVRNFVSFKKSMVLKLTLRCLLRMGYQCTFGVLQAGCYGVPQTRRRAIIMAAAPGEELPLYPEPTHCFSPRTCQLTVMVDEKKFTSNITRTASAPYRTITVRDAMSDLPEIRNGASAAESSYEGEAISHFQRQIRGNQYQPLLRDHICKEMSALVEARMRHIPLAPGSDWRDLPNKEIRLSDGTYSKKLQYTHHDKKNEKGSSQRLRGVCSCAEGRPCEPADRQFNTLIPWCLPHTGNRHNHWAGLYGRLEWDGYFSTTITNPEPMGKQGRVLHPEQHRVVSVRECARSQGFPDTYRFYGSILDKHRQVGNAVPPPLAAAIGREIK
Dnmt3a-201|Nvec_XM_032373802.1,Dnmt3a-201,Nvec,48.489,662,299,10,281,908,456,2417,0,607,EVGEGTFFPGVLVWSKLKGYDWWPGRVVTYMEAGRPPPGPGNHWVKWFGDNKFSQVPQDTVLPFAEFKSNF--LVTKMKGLYKKAVLDALELAASRSNQSFTRADLHLKLSPKVSKKQRRKKKLLSKDTETPAEPDEPLSEEEKCDAMVNWALTGFQPQGASGFAPTLEETIFLPPVSSD----SDEEEADQTVNGSESTKGRFGKP-VKEPNLVQDIKALFDEVVDGKKGIEDICLACGDCKVYAQHPLFEGGLCKECKQSFLECTYLFDEDGYQMYCTICGDGQEVFMCDNEGCFRSYCGPCLEMLAGRGTVREIASREKWICYMCSGKGDR-LIHRRKDWQSKLHELFLSDREKEYDTPIVYPVVAPEDRKPIRVLALFDGIATGLQALNELGIVSDKYYSAEIDEQAIQVTKVNHGDRITHLGDIKDLTESQIRELGPFDLVIGGSPCQDLSIANPARRGIFEGSGRLFFEFFRLLMHAKPSRTCPSRPFFWLFENVVGMRAEDKKTISRFLQSNPVVVDAKEVSPAHRPRYFWGNLPGMNRPAIPLPGDRLTLQECLEPNCGRKARFTKVQTITTNANSLTQTKKNILPVAVNDDGGQEREDILWCTEMERLFGFPSHYTDVNNMGRTQRQRLLGNAWSVPVVRHLLSPLKDYFKCT
Dnmt3b-201|Nvec_XM_032373802.1,Dnmt3b-201,Nvec,43.215,678,317,11,227,859,450,2414,0,574,DKEVGEGTFFPGVLVWSKLKGYDWWPGRVVTYMEAGRPPPGPGNHWVKWFGDNKFSQVPQDTVLPFAEFKSNFLVTKMKGL--YKKAVLDALELAASRSNQSFTRADLHLKLSPKVSKKQRRKKKLLSKDTETPAEPDEPLSEEEKCDAMVNWALTGFQPQGASGFAPTLEETIFLPPVSSDSDEEEAD----------QTVNGSESTKGRFGKPVKEPNL--------VQDIKALFDEVVDGKKGIEDICLACGDCKVYAQHPLFEGGLCKECKQSFLECTYLFDEDGYQMYCTICGDGQEVFMCDNEGCFRSYCGPCLEMLAGRGTVREIASREKWICYMC-SGKGDRLIHRRKDWQSKLHELFLSDREKE--YDTPIVYPVVAPEDRKPIRVLALFDGIATGLQALNELGIVSDKYYSAEIDEQAIQVTKVNHGDRITHLGDIKDLTESQIRELGPFDLVIGGSPCQDLSIANPARRGIFEGSGRLFFEFFRLLMHAKPSRTCPSRPFFWLFENVVGMRAEDKKTISRFLQSNPVVVDAKEVSPAHRPRYFWGNLPGMNRPAIPLPGDRLTLQECLEPNCGRKARFTKVQTITTNANSLTQTKKNILPVAVNDDGGQEREDILWCTEMERLFGFPSHYTDVNNMGRTQRQRLLGNAWSVPVVRHLLSPLKDYFKC
Dnmt3l-201|Nvec_XM_032373802.1,Dnmt3l-201,Nvec,33.535,331,184,8,75,373,1104,2084,4.1100000000000004e-49,180,EVVDGKKGIEDICLACGDCKVYAQHPLFEGGLCKECKQSFLECTYLFDEDGYQMYCTICGDGQEVFMCDNEGCFRSYCGPCLEMLAGRGTVREIASREKWICYMC---SGKGDRLIHRRKDWQSKLHELFLSDREKEYDTPI-VYPVVAPEDRKPIRVLALFDGIATGLQALNELGIVSDKYYSAEIDEQAIQVTKVNHGDRITHLGDIKDLTESQIRELGPFDLVIGGSPCQDLSIANPARRGIFEGSGRLFFEFFRLLMHAKPSRTCPSRPFFWLFENVVGMRAEDKKTISRFLQSNPVVVDAKEVSPAHRPRYFWGNLPGMNRPAIPL
Dnmt1-201|Pbac_AVPN01005619.1,Dnmt1-201,Pbac,82.353,68,12,0,1472,1539,2069,1866,1.04e-31,137,SGPLRGVCSCAEGRSCDPSDKQNNTLIPWCLPHTGNRHNHWAGLYGRAFWDGFFSTTITNPEPMGKQG
Dnmt3a-201|Pbac_AVPN01008748.1,Dnmt3a-201,Pbac,68.182,44,14,0,691,734,315,446,6.42e-12,71.6,VRALGPFDLVIGGSPCNDLASVNPLKKGIYGGSGLLFFEFFRIL
Dnmt3b-201|Pbac_AVPN01008748.1,Dnmt3b-201,Pbac,63.83,47,17,0,643,689,315,455,2.79e-12,72.4,VRALGPFDLVIGGSPCNDLASVNPLKKGIYGGSGLLFFEFFRILRYN
Dnmt3l-201|Pbac_AVPN01018140.1,Dnmt3l-201,Pbac,33.333,102,59,3,87,181,7276,6977,1.04e-10,65.9,CASCGSDVVLRPYKRLMLLHPYLKTAMCRSCHDFYHSDVFAHDEEGSLVYCIWCGEGGELIYCEK--CEKPYCSDCIKRNFGRKKRDEILAESNWECFICVP
Dnmt3a-201|Pdam_Pocillopora_damicornis_24161,Dnmt3a-201,Pdam,60.968,310,114,2,605,907,37,966,3.1899999999999997e-128,387,LXNDKEARFKQPYXSXXVPPEERRPIRVLSLFDGIASGFQALKELGVEIEVYYASEIDEQAIQVAKVQHGDKIQHVGDITQISRDEIEELGPFDFVFGGSPCNDLSIANPVRRGICEGTGRLFFDFFRLLQFVRPKSDMERPFFWLFENVVGMRADDKKIISRFLECNPVVVDAKEISPAHRARYFWGNLPGMNRPTVPLPGDKLCLQDCLEPNCGRQAKFTKVQTLTTNANSMLQTKKGLFPVQYTGADGQRKEDVLWITEMERLFGLPSHYTDVSNMGRSQRQRLLGKSWSVPVIRHLLSPLKEYFKC
Dnmt3b-201|Pdam_Pocillopora_damicornis_24161,Dnmt3b-201,Pdam,62.245,294,104,2,574,860,88,969,7.109999999999999e-130,390,VPPEERRPIRVLSLFDGIASGFQALKELGVEIEVYYASEIDEQAIQVAKVQHGDKIQHVGDITQISRDEIEELGPFDFVFGGSPCNDLSIANPVRRGICEGTGRLFFDFFRLLQFVRPKSDMERPFFWLFENVVGMRADDKKIISRFLECNPVVVDAKEISPAHRARYFWGNLPGMNRPTVPLPGDKLCLQDCLEPNCGRQAKFTKVQTLTTNANSMLQTKKGLFPVQYTGADGQRKEDVLWITEMERLFGLPSHYTDVSNMGRSQRQRLLGKSWSVPVIRHLLSPLKEYFKCE
Dnmt3l-201|Pdam_Pocillopora_damicornis_24161,Dnmt3l-201,Pdam,26.816,179,106,2,220,373,100,636,5.8e-14,70.9,ERRPIRVLSLFDGIASGFQALKELGVEIEVYYASEIDEQAIQVAKVQHGDKIQHVGDITQISRDEIEELGPFDFVFGGSPCNDLSIANPVRRGICEGTGRLFFDFFRLLQFVRPKSDMERPFFWLFENVVGMRADDKKIISRFLECNPVVVDAKEISPAHRARYFWGNLPGMNRPTVPL
Dnmt1-201|Plut_plut2.m8.8396.m1,Dnmt1-201,Plut,58.777,1276,483,12,353,1599,880,4665,0,1487,KIQPPAKCKECKQLLTSPDLRLFPGDSDDAVEEFVALTDPRLSLFSGDEEQFDSYNDRPQHKITNFSIYDKNTHLCPFDSGLIEKNIELFFSGYLKPIYDENPSPEGGVPTKSIGPINEWWVAGFDGGENSLIGFTTAFAEYILMQASEEYMPFMNLMREKIAMSKIVIEFIQNNPEARYEDLLNKVETSVPP--VNCLTFTEDTLLRHAQFLVEQVESYDQAADDDELPLLVSACMRDLIKLAGVTLGKRRAARGVKVKLDKKKTGPSKATTTPLVRHIFDIFFKDQIDGKEA----TAPRRKRCGVCEVCQQADCGDCKSCKDMVKFGGTGRKKQCCEKRKCPYMAVQEADEDEDVAEEVENVSPNKEKTKKNTQTHKTAKSQKGTNKKVEWIGDPIKVTGKTKYYSSVLINKEEVHVGDFVKVNPKETNIPLYIACVCYMWEASNGDKMFHCRWLWRGSETLLGETSDVSELFLIDDCEDKHLFTIAEKCTVTHKKPDPDWFMKGGLDDLDADAMMEEDDGNHFFYQKWYDPELGRFIDPPSEYITIVDRKEEFKYCESCTRKAAQNQLEEPCVGEPLETETKSSSKTYYKSCTKNGVQYKLGDCVFLKPDAFSFNIKPKGTKKGFKKDETVNEEKYPEYYRKPVEYVKGSNYDVPEPFKIGRILNIFTKANSGKLAEDVDIKMTVSKFYRPENTHRGCTFAYQADLNLLYWSKEEATVSFDSVVGACLVTCGEDLNCSVEEYTARGVNNFYFLEAYNSEKKEFEEAPVEARNAAMKGKGKGKGKGKGKGKASCETEDHSSKEDDSRKASETVTKLRCLDVFAGCGGLSEGLHQAGIAESLWAIEKEEPAAHAFSLNNPGCTVFTDDCNLLLKLAMDGEKKNSRGQTLPQKGDVQLLCGGPPCQGFSGMNRFSSRDYSQFKNSLVASYLSYCDFYRPRFFILEN--------RNMVLKLTLRCLIKMGYQCTFGVLQAGCYGVPQTRRRAIIMAAAPGEVLPLYPEPTHCFSPRAIQLTVMVDDRKFESNITRLSSAPYRTITVRDSMSDLPEIRNGASNDEISYSGDAISHFQRQIRGHQYQPVLKDHICKEMNPLVAVRMRYIPLTPGSDWRDLPNIEVRLADGTYTKKLAYTHNDKKNGRSPNNDLRGVCSCAEGRACDPADRQFNTLVPWCLPHTGNRHNNWAGLYGRLEWDGYFSTTITNPEPMGKQGRVLHPEQHRVVSVRECARSQGFPDTYRFYGNILDKHRQVGNAVPPPLAAAIGREIKKSLV
Dnmt3a-201|Plut_plut2.m8.6717.m1,Dnmt3a-201,Plut,42.688,677,337,11,264,907,523,2499,1.9299999999999998e-167,518,DASASDEIIVSDQEPAEE----FAVGQLVWGRLKGYDWWPGRLVSYIEAQKTPPSTNNHWIRWFGDDKFSLLPESCLRPLSKFRESLNRGKL--RGIYKRAILDCLEVAASRCGKVFSKSPKNQAVQTKKSSRTRQTKIDANKIAKQQTDEVLTDKEKQDMMLEWAMNGFKPSGPKGFAPTEDDMMPTTHATVTAVVDLASSDTDSVHVDY---KSRFGKPVMEPNLAENIKA-LFNEVVDGKKNIEGICLACGDHRVCAKHPLFEGGLCKECKTSFLENVYLYDEDGSQMYCTICGDGKEVFMCDKTGCFRSYCSLCIGMLCGVAVVKQIAACEKWVCYMCSGK-SQGLITPRKDWSAGLQELFMNDKEQDFRAPYTFPALPPEERRPIRVLSLFDGIASGLQALKELGIEIELYCASEIDEQAVQVAKVQHGSRICHIGDIQKISRAQIEQLGPFDFVFGGSPCNDLSIANPVRRGIYEGTGRLFFDFFRLLEYARPKSEMERPFYWLFENVVGMRAEDKCVISRFLEANHSFTRRQAVLTGMSGTKLWTTGKG-------TLSGLKDHHDYFYSGSWSKSPTLRFTKVQTLTTNANSMLQTKKALLPVQYIASDGQEKEDILWVTEMERLFGLPSHYTDVSNMGRSQRQRLLGKSWSVPVIRHLLSPLKDYFKC
Dnmt3b-201|Plut_plut2.m8.6717.m1,Dnmt3b-201,Plut,41.246,674,325,11,228,860,571,2502,9.369999999999999e-166,512,EEFAVGQLVWGRLKGYDWWPGRLVSYIEAQKTPPSTNNHWIRWFGDDKFSLLPESCLRPLSKFRESLNRGKLRGI--YKRAILDCLEVAASRCGKVFSKSPKNQAVQTKKSSRTRQTKIDANKIAKQQTDEVLTDKEKQDMMLEWAMNGFKPSGPKGFAPT-------------------EDDMMPTTHATVTAVVDLASSDTDSVHVDYKSRFGKPVMEPNLAENIKALFNEVVDGKKNIEGICLACGDHRVCAKHPLFEGGLCKECKTSFLENVYLYDEDGSQMYCTICGDGKEVFMCDKTGCFRSYCSLCIGMLCGVAVVKQIAACEKWVCYMC-SGKSQGLITPRKDWSAGLQELFMNDKE-QDFR-APYTFPALPPEERRPIRVLSLFDGIASGLQALKELGIEIELYCASEIDEQAVQVAKVQHGSRICHIGDIQKISRAQIEQLGPFDFVFGGSPCNDLSIANPVRRGIYEGTGRLFFDFFRLLEYARPKSEMERPFYWLFENVVGMRAEDKCVISRFLEANHSFTRRQAVLTGMSGTKLWTTGKGTLSGLK------DHHDYFYSGSWSKSPTLRFTKVQTLTTNANSMLQTKKALLPVQYIASDGQEKEDILWVTEMERLFGLPSHYTDVSNMGRSQRQRLLGKSWSVPVIRHLLSPLKDYFKCE
Dnmt3l-201|Plut_plut2.m8.6717.m1,Dnmt3l-201,Plut,31.044,364,212,9,44,370,1099,2184,1.53e-45,169,LASSDTDSVHVDYKSRFGKPVMEPNLAENIKALFNEVVDGKKNIEGICLACGDHRVCAKHPLFEGGLCKECKTSFLENVYLYDEDGSQMYCTICGDGKEVFMCDKTGCFRSYCSLCIGMLCGVAVVKQIAACEKWVCYMCSGKSQ-GLITPRKDWSAGLQELFMNDKEQDFRAPY-TFPALPPEERRPIRVLSLFDGIASGLQALKELGIEIELYCASEIDEQAVQVAKVQHGSRICHIGDIQKISRAQIEQLGPFDFVFGGSPCNDLSIANPVRRGIYEGTGRLFFDFFRLLEYARPKSEMERPFYWLFENVVGMRAEDKCVISRFLEANHSFTRRQAVLTGMSGTKLWTTGKGTLSGLKDHH
Dnmt1-201|Prus_35034_t,Dnmt1-201,Prus,56.55,771,248,13,830,1578,4,2121,0,837,YVTNPTQVTHKKPDPDWFMKGGLDDVDANAMMEEDDGNHFFYQKW-RAVWFKINTPLCDKVVKGRYPRGDDVEFAGISHICIGLITFSPRRCVEYLIVVWIAESETQLEEPCVGEPLETETKSSSKTY--------------YNIKPKGTKKGFKKDETVNEEKYPEYYRKPVEYVKGSNYDVPEPFKIGRILNIFTKANSGKLAEDVDIKMTVSKFYSGDS----------------FFS--EATVSFDSVVGACLVTCGEDLNCSVEEYTARGVNNFYFLEAYNSETKEFEEAPVEARN--------------------------AAMKGKGKGKGKG------LSEGLHQAGIAESLWAIEKEEPAAHAFSLNNPGCTVFTDDCNLLLKLAMDGEKKNSRGQTLPQKGDVQLLCGGPPCQGFSGMNRFSSRDYSQFKNSLVASYLSYCDFYRPRFFILENVRNFVSFKRNMVLKLTLRCLIKMGYQCTFGVLQAGCYGVPQTRRRAIIMAAAPGEVLPLYPEPTHCFSPRAIQLTVMVDDRKFESNITRLSSAPYRTITVRDSMSDLPEIRNGASNGEISYSGDAISHFQRQIRGHQYQPVLKDHICKEMNTLVAVRMRYIPLTPGSDWRDLPNIEVRLADGTYTKKLAYTHHDKKNGRSPNGVLRGVCSCAEGRACDPADRQFNTLVPWCLPHTGNRHNNWAGLYGRLEWDGYFSTTITNPEPMGKQGRVLHPEQHRVVSVRECARSQGFPDTYRFYGNILDKHRQV
Dnmt3a-201|Prus_29819_t,Dnmt3a-201,Prus,47.329,674,314,10,264,907,154,2142,0,595,DASASDEIIVSDQEPVKE----FAIGQLVWGRLKGYDWWPGRLVSYIEAQKTPPTTNNHWIRWFGDNKFSLLPESCLRPLSKFRESLNRGKL--RGIYKRAILDCLEVAASRCGRVFSKSPKNQAVQTKKSSRTRQTKIDANKIAKQQKDEVFTDKEKQDLMLEWAMNGFKPSGPKGFAPTEDDMMPTTHATVTAVVDLASSDTDSVNVDY---KSRFGKPVMEPNLAENIKA-LFNEVVDGKKNIEGICLACGDHRVCAKHPLFEGGLCKECKTSFLENVYLYDEDGSQMYCTICGDGKEVFMCDKTGCFRSYCSLCIGMLCGVAVVKQIAACEKWVCYMCSGK-SQGLITPRKDWSAGLQELFMNDKEQDFKAPYTFPALPPEERRPIRVLSLFDGIASGLQALKELGIEIELYCASEIDEQAVQVAKVQHGSRICHIGDIQKISRAQIEQLGPFDFVFGGSPCNDLSIANPVRRGIYEGTGRLFFDFFRLLEYARPKSEMERPFYWLFENVVGMRAEDKCVISRFLECNPVVVDAKDISPAHRARYFWGNLPGMNRPTIPLPGDKLCLQECLEPNCGRQAKFTKVQTLTTNANSMLQTKKALLPVQYIASDGQEKEDILWVTEMERLFGLPSHYTDVSNMGRSQRQRLLGKSWSVPVIRHLLSPLKDYFKC
Dnmt3b-201|Prus_29819_t,Dnmt3b-201,Prus,45.387,672,304,10,228,860,202,2145,0,588,KEFAIGQLVWGRLKGYDWWPGRLVSYIEAQKTPPTTNNHWIRWFGDNKFSLLPESCLRPLSKFRESLNRGKLRGI--YKRAILDCLEVAASRCGRVFSKSPKNQAVQTKKSSRTRQTKIDANKIAKQQKDEVFTDKEKQDLMLEWAMNGFKPSGPKGFAPT-------------------EDDMMPTTHATVTAVVDLASSDTDSVNVDYKSRFGKPVMEPNLAENIKALFNEVVDGKKNIEGICLACGDHRVCAKHPLFEGGLCKECKTSFLENVYLYDEDGSQMYCTICGDGKEVFMCDKTGCFRSYCSLCIGMLCGVAVVKQIAACEKWVCYMC-SGKSQGLITPRKDWSAGLQELFMNDKE-QDFKAP-YTFPALPPEERRPIRVLSLFDGIASGLQALKELGIEIELYCASEIDEQAVQVAKVQHGSRICHIGDIQKISRAQIEQLGPFDFVFGGSPCNDLSIANPVRRGIYEGTGRLFFDFFRLLEYARPKSEMERPFYWLFENVVGMRAEDKCVISRFLECNPVVVDAKDISPAHRARYFWGNLPGMNRPTIPLPGDKLCLQECLEPNCGRQAKFTKVQTLTTNANSMLQTKKALLPVQYIASDGQEKEDILWVTEMERLFGLPSHYTDVSNMGRSQRQRLLGKSWSVPVIRHLLSPLKDYFKCE
Dnmt3l-201|Prus_29819_t,Dnmt3l-201,Prus,31.956,363,212,8,44,373,730,1812,1.53e-49,179,LASSDTDSVNVDYKSRFGKPVMEPNLAENIKALFNEVVDGKKNIEGICLACGDHRVCAKHPLFEGGLCKECKTSFLENVYLYDEDGSQMYCTICGDGKEVFMCDKTGCFRSYCSLCIGMLCGVAVVKQIAACEKWVCYMCSGKSQ-GLITPRKDWSAGLQELFMNDKEQDFKAPY-TFPALPPEERRPIRVLSLFDGIASGLQALKELGIEIELYCASEIDEQAVQVAKVQHGSRICHIGDIQKISRAQIEQLGPFDFVFGGSPCNDLSIANPVRRGIYEGTGRLFFDFFRLLEYARPKSEMERPFYWLFENVVGMRAEDKCVISRFLECNPVVVDAKDISPAHRARYFWGNLPGMNRPTIPL
Dnmt1-201|Pver_TRINITY_DN12687_c0_g1_i2,Dnmt1-201,Pver,59.922,1290,476,14,344,1598,961,4812,0,1501,SARAKCEGEKTQPPVKCKECKQLLDSPDLRLFLGDCDDAVEEFVALTDPRLSLFSGEEEQFDSYNDRPQHKITNFSIYDKNTHLCPFDSGLIEKNIELFFSGYLKPIYDENPSPEGGVPTKALGPINEWWTTGFDGGENALIGFTTAFAEYILMQASEEYMPFMNLMREKIAMSKIVIEFIQDNPEARYEDLLNKVQTSVPPE--NCSTFTEDTLLRHAQFLVEQVESYDQAADDDELPLLVTPCMRALIKLAGVTLGKRRAARGVKVRLDKKKKDTGPSKATTTPLVRNIFDIFFQDQID--GKETRTS--RRKRCGVCEVCQQPDCGKCKSCRDMVKFGGTGRKKQCCEERRCPNLAVEEAEDDEDVTEESEENVKMSPNKDMVKKKKTTHKTAKSKKGINETKVEWIGDPAKVSGKKKYYSSVLINSQEVQVGDFVKVRPEDPHMPLFISCVCYMWEAANGDKMFHCRWFSRGSETILGETSDSKELFLVDECDDNPLGSIVQKCVVTQKLPEADWFQRGGLEEWEADSMMEEDDGNTFFYQKWYDSEHGRFTDPPSEYTAALDRKENHKFCESCKRQTAQKQLETPTVEEPLEKESKSSSKTYYKSCNINGVQYKLGDCVFLTPEAFSFNVKPKETKKGFKKNEKVDEEVYPEYYRKPIEYVKGSNYDVPQPFKIGRIVNIFTKSSSGKLTEELDIMLTVNKFYRPENTHKGSSFGHQANLNLLYWSKEEATISIDDVTGGCVVTCGEDLNCSVEEYTAKGINYFYFLEAYNSETKEFEEPPIEARNAAMKGKGKGKGKGKGKGKASAETDNQSSKKDFNGTANETVTKLRCLDVFAGCGGLSEGLHEAGVAESCWAIEKEEPAASAFSLNNPGCTVFTDDCNSLLKLVMDGEKKNPKGQTLPQKGDVELLCGGPPCQGFSGMNRFSSRDYSKFKNSLVASYLSYCDYYRPKFFILENVRNFVSFKRSMVLKLTLRCLLKMGYQCTFGVLQAGCYGVPQTRRRAIIMAAAPGEVLPLYPEPTHCFSPRAIQLTVMVDDKKFQSNITRLSSAPYRTITVRDAMSDLPEIRNGASNDEISYNGDSISHFQRQMRGRQDQPVLRDHICKEMNPLVAARMRHIPTAPGSDWRDLPNNIVRLSDGTYTSKLAYTHDDKKNGRSSNDELRGVCSCAERKPCDPADRQVNTLIPWCLPHTGNRHNHWAGLYGRLEWDGYFSTTITNPEPMGKQGRVLHPQQHRVVSVRECARSQGFPDAYRFYGSIIDKHRQVGNAVPPPLAAAIGREIRKCL
Dnmt3a-201|Pver_TRINITY_DN3501_c0_g3_i3,Dnmt3a-201,Pver,46.753,693,316,10,246,907,142,2154,0,597,PVTPLQLKKGHTPT-----SSDKETANHEEVEP-----VNYLIGQLIWGRLKGFDWWPGRVISNIEAQKSPAVEGSYWIKWFGDNKISMLPVVCLRPLYEFKESFHLSRM--RGLYKTAIITSLEVAAKRCGKVFSKSSKQEKSKKGKRGGSSRPGKKAEPNAEMGREDEQLSEKKKIEIMVQWALNGFEPSGPEGFAPSEEDMVDTPVPLNEM--------DLTSEEMTADQKARFGKPINEPNLAENIKA-LFDAVADGKKKISGICLACGDDRVFTEHPLFEGGLCKECKTSFLENVYLYDEDGSQMYCTICGDGKEVFMCDNTGCFRSYCSLCIGMLCGRSAVKEIAAADNWVCYMCSG-GCQGLIRPRHNWSAKLQEFFMNDKEQDFKQPYIFPAVPPEERRPIRVLSLFDGIASGFQALKELGVEIEVYYASEIDEQAIQVAKVQHGDKIQHVGDITQISRDEIEELGPFDFVFGGSPCNDLSIANPVRRGICEGTGRLFFDFFRLLQFVRPKSDMERPFFWLFENVVGMRADDKKIISRFLECNPVVVDAKEISPAHRARYFWGNLPGMNRPTVPLPGDKLCLQDCLEPNCGRQAKFTKVQTLTTNANSMLQTKKGLFPVQYTGADGQRKEDVLWITEMERLFGLPSHYTDVSNMGRSQRQRLLGKSWSVPVIRHLLSPLKEYFKC
Dnmt3b-201|Pver_TRINITY_DN3501_c0_g3_i3,Dnmt3b-201,Pver,45.577,667,298,10,232,860,238,2157,0,592,IGQLIWGRLKGFDWWPGRVISNIEAQKSPAVEGSYWIKWFGDNKISMLPVVCLRPLYEFKESFHLSRMRGL--YKTAIITSLEVAAKRCGKVFSKSSKQEKSKKGKRGGSSRPGKKAEPNAEMGREDEQLSEKKKIEIMVQWALNGFEPSGPEGFAPSEEDMVDTPVPLNEMDLTSEE-----------MTADQKARFGKPINEPNL-----------AENIKALFDAVADGKKKISGICLACGDDRVFTEHPLFEGGLCKECKTSFLENVYLYDEDGSQMYCTICGDGKEVFMCDNTGCFRSYCSLCIGMLCGRSAVKEIAAADNWVCYMC-SGGCQGLIRPRHNWSAKLQEFFMNDKE-QDFKQP-YIFPAVPPEERRPIRVLSLFDGIASGFQALKELGVEIEVYYASEIDEQAIQVAKVQHGDKIQHVGDITQISRDEIEELGPFDFVFGGSPCNDLSIANPVRRGICEGTGRLFFDFFRLLQFVRPKSDMERPFFWLFENVVGMRADDKKIISRFLECNPVVVDAKEISPAHRARYFWGNLPGMNRPTVPLPGDKLCLQDCLEPNCGRQAKFTKVQTLTTNANSMLQTKKGLFPVQYTGADGQRKEDVLWITEMERLFGLPSHYTDVSNMGRSQRQRLLGKSWSVPVIRHLLSPLKEYFKCE
Dnmt3l-201|Pver_TRINITY_DN3501_c0_g3_i3,Dnmt3l-201,Pver,32.558,344,198,6,62,373,799,1824,4.88e-51,185,PINEPNLAENIKALFDAVADGKKKISGICLACGDDRVFTEHPLFEGGLCKECKTSFLENVYLYDEDGSQMYCTICGDGKEVFMCDNTGCFRSYCSLCIGMLCGRSAVKEIAAADNWVCYMCSGGCQ-GLIRPRHNWSAKLQEFFMNDKEQDFKQPY-IFPAVPPEERRPIRVLSLFDGIASGFQALKELGVEIEVYYASEIDEQAIQVAKVQHGDKIQHVGDITQISRDEIEELGPFDFVFGGSPCNDLSIANPVRRGICEGTGRLFFDFFRLLQFVRPKSDMERPFFWLFENVVGMRADDKKIISRFLECNPVVVDAKEISPAHRARYFWGNLPGMNRPTVPL
Dnmt1-201|Spis_Stylophora_pistillata_7405,Dnmt1-201,Spis,59.843,1275,472,12,358,1598,1012,4818,0,1502,KCKECKQLLDSSDLRLFLGDGDDAVEEFVALTDPRLSLFSGEEEQFDSYNDRPQHKITNFSIYDKNTHLCPFDTGLIEKNIELFFSGYLKPIYDENPSPEGGVPTKALGPINEWWTTGFDGGENALIGFTTAFAEYILMQASEEYMPFMNLMKEKIAMSKIVIEFIQDNPEARYEDLLNKVQTSVPPE--NCYTFTEDTLLRHAQFLVEQVESYDQAADDDEVPLLVTPCMRALIKLAGVTLGKRRAARGVKVRLDKIKKDTGPSKATTTPLVRNIFDIFFQDQID--GKETR--TTRRKRCGVCEVCQQPDCGKCKSCRDMVKFGGTGRKKQCCEERRCPNLAVEEAEDDEEAIEESEEIKKMRPNKEMVKKKETTHKTAKSKKGKNETKVEWIGDPMEVSGKKKYYSSVLINSQEIHVGDFVKVRPEDPHMPLFISCVCYMWEAANGDKLFHCRWFSRGSDTILGETSDSTELFLVDECDDNPLGSIVQKCVVAHKLPEADWFQRGGLEEQEADSMMEEDDGNTFFYQKWYDCERGRFTDPPSEYTTGKDRRGNYKYCESCRRQTAQEQLETPTVKEPLERESKPSSKTYYKSCNVNGVQYKLGDCVFLTPEAFSFNVKPKETKKGFKKNEMVDEVVYPEYYRKPTEYVKGSNYDVPQPFKIGCIVNIFTKSSSGKLTEELDIMLTVNKFYRPENTHKGSSFGHQANLNLLYWSKEEATISIDDVTGGCVVTCGEDLNCSVEEYTAKGIHYFYFLEAYNSETKEFEEPPIEARNAAMKGKGKGKGKGKGKGKASTETEHQSPKKDFSGKANETVAKLRCLDVFAGCGGLSEGLHEAGVAESCWAIEKEEPAASAFSLNNPGCTVFTDDCNSLLKLVMDGEKKNPKGQTLPQKGDVELLCGGPPCQGFSGMNRFSSRDYSKFKNSLVASYLSYCDYYRPKFFILENVRNFVSFKRSMVLKLTLRCLLKMGYQCTFGVLQAGCYGVPQTRRRAIILAAAPGEVLPLYPEPTHCFSPRAIQLTVMVDDKKFQSNITRLSSAPYRTITVRDAMSDLPEIRNGASNDEISYNGDSISHFQRQMRGRQDQPVLRDHICKEMNPLVAARMRHIPTAPGSDWRDLPNNIVRLSDGTYSSKLAYTHDDKKNGRSSNGELRGVCSCAEGKPCDPADRQVNTLIPWCLPHTGNRHNHWAGLYGRLEWDGYFSTTITNPEPMGKQGRVLHPQQHRVVSVRECARSQGFPDAYRFYGSIIDKHRQVGNAVPPPLAAAIGREIKKCL
Dnmt3a-201|Spis_Stylophora_pistillata_2600,Dnmt3a-201,Spis,46.244,679,327,9,254,907,139,2136,0,593,IPANPPQLKKDCTSTSSDKETPNLKEVEPIK-YLIGQLTWGRLKGFDWWPGRVISHIEAQKSPAVEGSYWIKWFGDSKLSMLPVVCLRPLSEFKESFHLSRM--RGLYKKAIIDSLEVAAKRCGKVFSKSNKQQSKKGKRGGKKTEPNAVMEKEDEQLSDKEKIEIMVQWAINGFEPSGPDGFAPSEEDMVDIPAPVPQM--------DLTSEEMTADQKARFGKPINEPNLAEDIKVLFDAVVDGK-KKITGICLACGDDKVGTEHPLFEGGLCKECKTSFLENLYLYDEDGSQMYCTICGDGKEVFMCDSTGCFRSYCSLCIGMLCGRNAVREIAAADNWVCYMCSG-NSQGLIRPRHNWSAKLQEFFMNDKEQDFKQPYIFPAVPPDERRPIRVLSLFDGIASGFQALKELGVEIEVYYASEIDEHAMQVAKVQHGAKIIHVGDITQISRDKVEELGPFDFVFGGSPCNDLSIANPVRRGICEGTGRLFFDFFRLLQFVRPNSDMERPFFWLFENVVGMRADDKKIISRFLECNPVVVDAKEISPAHRARYFWGNLPGMNRPTVPLPGDKLCLQDCLEANCGRQAKFTKVQTLTTNANSMLQTKKGLFPVQYTGSDGQLKEDVLWITEMERLFGLPSHYTDVSNMGRSQRQRLLGKSWSVPVIRHLLSPLKDYFKC
Dnmt3b-201|Spis_Stylophora_pistillata_2600,Dnmt3b-201,Spis,45.386,661,302,10,232,860,238,2139,0,587,IGQLTWGRLKGFDWWPGRVISHIEAQKSPAVEGSYWIKWFGDSKLSMLPVVCLRPLSEFKESFHLSRMRGL--YKKAIIDSLEVAAKRCGKVFSKSNKQQSKKGKRGGKKTEPNAVMEKEDEQLSDKEKIEIMVQWAINGFEPSGPDGFAPSEEDMVDIPAPVPQMDLTSEE-----------MTADQKARFGKPINEPNL-----------AEDIKVLFDAVVDGKKKITGICLACGDDKVGTEHPLFEGGLCKECKTSFLENLYLYDEDGSQMYCTICGDGKEVFMCDSTGCFRSYCSLCIGMLCGRNAVREIAAADNWVCYMC-SGNSQGLIRPRHNWSAKLQEFFMNDKE-QDFKQP-YIFPAVPPDERRPIRVLSLFDGIASGFQALKELGVEIEVYYASEIDEHAMQVAKVQHGAKIIHVGDITQISRDKVEELGPFDFVFGGSPCNDLSIANPVRRGICEGTGRLFFDFFRLLQFVRPNSDMERPFFWLFENVVGMRADDKKIISRFLECNPVVVDAKEISPAHRARYFWGNLPGMNRPTVPLPGDKLCLQDCLEANCGRQAKFTKVQTLTTNANSMLQTKKGLFPVQYTGSDGQLKEDVLWITEMERLFGLPSHYTDVSNMGRSQRQRLLGKSWSVPVIRHLLSPLKDYFKCE
Dnmt3l-201|Spis_Stylophora_pistillata_2600,Dnmt3l-201,Spis,34.568,324,181,6,79,373,841,1806,9.73e-52,184,GKKKITGICLACGDDKVGTEHPLFEGGLCKECKTSFLENLYLYDEDGSQMYCTICGDGKEVFMCDSTGCFRSYCSLCIGMLCGRNAVREIAAADNWVCYMCSGNSQ-GLIRPRHNWSAKLQEFFMNDKEQDFKQPY-IFPAVPPDERRPIRVLSLFDGIASGFQALKELGVEIEVYYASEIDEHAMQVAKVQHGAKIIHVGDITQISRDKVEELGPFDFVFGGSPCNDLSIANPVRRGICEGTGRLFFDFFRLLQFVRPNSDMERPFFWLFENVVGMRADDKKIISRFLECNPVVVDAKEISPAHRARYFWGNLPGMNRPTVPL
